,0,1,2,3,4,5
010101,京东-105元减5元券,饿了么-随机外卖礼券最高15元,西十区-电影演出礼券5元,幻剑神魔-30元游戏礼包,PP体育-15枚金币免费领,小说大全新用户注册当日专享福利
010102,京东-105元减5元券,饿了么-随机外卖礼券最高15元,西十区-电影演出礼券5元,幻剑神魔-30元游戏礼包,PP体育-15枚金币免费领,小说大全新用户注册当日专享福利
010103,京东-105元减5元券,饿了么-随机外卖礼券最高15元,熊猫儿科 - 价值199元宝宝关爱礼包,西十区-电影演出礼券5元,幻剑神魔-30元游戏礼包,PP体育-15枚金币免费领
010104,饿了么-随机外卖礼券最高15元,京东-105元减5元券,西十区-电影演出礼券5元,幻剑神魔-30元游戏礼包,PP体育-15枚金币免费领,小说大全新用户注册当日专享福利
010105,饿了么-随机外卖礼券最高15元,京东-105元减5元券,西十区-电影演出礼券5元,幻剑神魔-30元游戏礼包,PP体育-15枚金币免费领,小说大全新用户注册当日专享福利
010106,京东-105元减5元券,饿了么-随机外卖礼券最高15元,熊猫儿科 - 价值199元宝宝关爱礼包,西十区-电影演出礼券5元,幻剑神魔-30元游戏礼包,PP体育-15枚金币免费领
010107,饿了么-随机外卖礼券最高15元,京东-105元减5元券,西十区-电影演出礼券5元,幻剑神魔-30元游戏礼包,PP体育-15枚金币免费领,小说大全新用户注册当日专享福利
010108,京东-105元减5元券,饿了么-随机外卖礼券最高15元,西十区-电影演出礼券5元,幻剑神魔-30元游戏礼包,PP体育-15枚金币免费领,小说大全新用户注册当日专享福利
010109,京东-105元减5元券,饿了么-随机外卖礼券最高15元,PP体育-15枚金币免费领,西十区-电影演出礼券5元,幻剑神魔-30元游戏礼包,PP体育-15枚金币免费领
010110,饿了么-随机外卖礼券最高15元,京东-105元减5元券,PP体育-15枚金币免费领,胭脂阅读价值10元阅读电子券,西十区-电影演出礼券5元,幻剑神魔-30元游戏礼包
010111,京东-105元减5元券,饿了么-随机外卖礼券最高15元,西十区-电影演出礼券5元,幻剑神魔-30元游戏礼包,PP体育-15枚金币免费领,小说大全新用户注册当日专享福利
010112,京东-105元减5元券,饿了么-随机外卖礼券最高15元,胭脂阅读价值10元阅读电子券,3GBOOK价值50元阅礼读券,小说大全新用户注册当日专享福利,幻剑神魔-30元游戏礼包
010113,京东-105元减5元券,饿了么-随机外卖礼券最高15元,西十区-电影演出礼券5元,幻剑神魔-30元游戏礼包,PP体育-15枚金币免费领,小说大全新用户注册当日专享福利
010114,京东-105元减5元券,饿了么-随机外卖礼券最高15元,西十区-电影演出礼券5元,幻剑神魔-30元游戏礼包,PP体育-15枚金币免费领,小说大全新用户注册当日专享福利
010115,京东-105元减5元券,饿了么-随机外卖礼券最高15元,西十区-电影演出礼券5元,幻剑神魔-30元游戏礼包,PP体育-15枚金币免费领,小说大全新用户注册当日专享福利
010116,京东-105元减5元券,熊猫儿科 - 价值199元宝宝关爱礼包,饿了么-随机外卖礼券最高15元,西十区-电影演出礼券5元,幻剑神魔-30元游戏礼包,PP体育-15枚金币免费领
010117,饿了么-随机外卖礼券最高15元,京东-105元减5元券,西十区-电影演出礼券5元,幻剑神魔-30元游戏礼包,PP体育-15枚金币免费领,小说大全新用户注册当日专享福利
010118,西十区-电影演出礼券5元,饿了么-随机外卖礼券最高15元,京东-105元减5元券,PP体育-15枚金币免费领,幻剑神魔-30元游戏礼包,PP体育-15枚金币免费领
010119,熊猫儿科 - 价值199元宝宝关爱礼包,京东-105元减5元券,饿了么-随机外卖礼券最高15元,趣专享新人0元购,西十区-电影演出礼券5元,幻剑神魔-30元游戏礼包
010120,京东-105元减5元券,饿了么-随机外卖礼券最高15元,西十区-电影演出礼券5元,幻剑神魔-30元游戏礼包,PP体育-15枚金币免费领,小说大全新用户注册当日专享福利
010121,京东-105元减5元券,饿了么-随机外卖礼券最高15元,西十区-电影演出礼券5元,幻剑神魔-30元游戏礼包,PP体育-15枚金币免费领,小说大全新用户注册当日专享福利
010122,京东-105元减5元券,饿了么-随机外卖礼券最高15元,西十区-电影演出礼券5元,幻剑神魔-30元游戏礼包,PP体育-15枚金币免费领,小说大全新用户注册当日专享福利
010123,京东-105元减5元券,饿了么-随机外卖礼券最高15元,西十区-电影演出礼券5元,幻剑神魔-30元游戏礼包,PP体育-15枚金币免费领,小说大全新用户注册当日专享福利
010124,京东-105元减5元券,饿了么-随机外卖礼券最高15元,幻剑神魔-30元游戏礼包,西十区-电影演出礼券5元,PP体育-15枚金币免费领,小说大全新用户注册当日专享福利
010125,联通流量卡 - 流量无限量1天体验卡免费领,二月看书价值10元小说阅读币,趣专享新人0元购,京东-105元减5元券,饿了么-随机外卖礼券最高15元,西十区-电影演出礼券5元
010126,京东-105元减5元券,饿了么-随机外卖礼券最高15元,西十区-电影演出礼券5元,幻剑神魔-30元游戏礼包,PP体育-15枚金币免费领,小说大全新用户注册当日专享福利
010127,饿了么-随机外卖礼券最高15元,京东-105元减5元券,PP体育-15枚金币免费领,趣专享新人0元购,3GBOOK价值50元阅礼读券,胭脂阅读价值10元阅读电子券
010128,京东-105元减5元券,PP体育-15枚金币免费领,趣专享下载领取最高20元,3GBOOK价值50元阅礼读券,趣专享新人0元购,二月看书价值10元小说阅读币
010129,京东-105元减5元券,胭脂阅读价值10元阅读电子券,饿了么-随机外卖礼券最高15元,西十区-电影演出礼券5元,幻剑神魔-30元游戏礼包,PP体育-15枚金币免费领
010130,京东-105元减5元券,饿了么-随机外卖礼券最高15元,小说大全新用户注册当日专享福利,PP体育-15枚金币免费领,幻剑神魔-30元游戏礼包,胭脂阅读-小说阅读电子券50元
010131,京东-105元减5元券,饿了么-随机外卖礼券最高15元,西十区-电影演出礼券5元,幻剑神魔-30元游戏礼包,PP体育-15枚金币免费领,小说大全新用户注册当日专享福利
010132,饿了么-随机外卖礼券最高15元,京东-105元减5元券,西十区-电影演出礼券5元,幻剑神魔-30元游戏礼包,PP体育-15枚金币免费领,小说大全新用户注册当日专享福利
010133,京东-105元减5元券,3GBOOK价值50元阅礼读券,PP体育-15枚金币免费领,小说大全新用户注册当日专享福利,天天爱彩票首充20得108元礼包,幻剑神魔-30元游戏礼包
010201,饿了么-随机外卖礼券最高15元,京东-105元减5元券,胭脂阅读价值10元阅读电子券,PP体育-15枚金币免费领,西十区-电影演出礼券5元,幻剑神魔-30元游戏礼包
010202,饿了么-随机外卖礼券最高15元,京东-105元减5元券,胭脂阅读价值10元阅读电子券,PP体育-15枚金币免费领,西十区-电影演出礼券5元,幻剑神魔-30元游戏礼包
010203,京东-105元减5元券,饿了么-随机外卖礼券最高15元,熊猫儿科 - 价值199元宝宝关爱礼包,胭脂阅读价值10元阅读电子券,PP体育-15枚金币免费领,西十区-电影演出礼券5元
010204,饿了么-随机外卖礼券最高15元,京东-105元减5元券,西十区-电影演出礼券5元,胭脂阅读价值10元阅读电子券,PP体育-15枚金币免费领,幻剑神魔-30元游戏礼包
010205,饿了么-随机外卖礼券最高15元,京东-105元减5元券,胭脂阅读价值10元阅读电子券,PP体育-15枚金币免费领,西十区-电影演出礼券5元,幻剑神魔-30元游戏礼包
010206,京东-105元减5元券,饿了么-随机外卖礼券最高15元,熊猫儿科 - 价值199元宝宝关爱礼包,胭脂阅读价值10元阅读电子券,PP体育-15枚金币免费领,西十区-电影演出礼券5元
010207,饿了么-随机外卖礼券最高15元,京东-105元减5元券,胭脂阅读价值10元阅读电子券,PP体育-15枚金币免费领,西十区-电影演出礼券5元,幻剑神魔-30元游戏礼包
010208,京东-105元减5元券,饿了么-随机外卖礼券最高15元,胭脂阅读价值10元阅读电子券,PP体育-15枚金币免费领,西十区-电影演出礼券5元,幻剑神魔-30元游戏礼包
010209,京东-105元减5元券,饿了么-随机外卖礼券最高15元,PP体育-15枚金币免费领,胭脂阅读价值10元阅读电子券,西十区-电影演出礼券5元,幻剑神魔-30元游戏礼包
010210,饿了么-随机外卖礼券最高15元,京东-105元减5元券,PP体育-15枚金币免费领,胭脂阅读价值10元阅读电子券,西十区-电影演出礼券5元,幻剑神魔-30元游戏礼包
010211,京东-105元减5元券,饿了么-随机外卖礼券最高15元,胭脂阅读价值10元阅读电子券,PP体育-15枚金币免费领,西十区-电影演出礼券5元,幻剑神魔-30元游戏礼包
010212,京东-105元减5元券,饿了么-随机外卖礼券最高15元,胭脂阅读价值10元阅读电子券,3GBOOK价值50元阅礼读券,小说大全新用户注册当日专享福利,幻剑神魔-30元游戏礼包
010213,京东-105元减5元券,饿了么-随机外卖礼券最高15元,胭脂阅读价值10元阅读电子券,PP体育-15枚金币免费领,西十区-电影演出礼券5元,幻剑神魔-30元游戏礼包
010214,京东-105元减5元券,饿了么-随机外卖礼券最高15元,胭脂阅读价值10元阅读电子券,PP体育-15枚金币免费领,西十区-电影演出礼券5元,幻剑神魔-30元游戏礼包
010215,京东-105元减5元券,饿了么-随机外卖礼券最高15元,胭脂阅读价值10元阅读电子券,PP体育-15枚金币免费领,西十区-电影演出礼券5元,幻剑神魔-30元游戏礼包
010216,京东-105元减5元券,熊猫儿科 - 价值199元宝宝关爱礼包,饿了么-随机外卖礼券最高15元,胭脂阅读价值10元阅读电子券,PP体育-15枚金币免费领,西十区-电影演出礼券5元
010217,饿了么-随机外卖礼券最高15元,京东-105元减5元券,胭脂阅读价值10元阅读电子券,PP体育-15枚金币免费领,西十区-电影演出礼券5元,幻剑神魔-30元游戏礼包
010218,西十区-电影演出礼券5元,饿了么-随机外卖礼券最高15元,京东-105元减5元券,PP体育-15枚金币免费领,胭脂阅读价值10元阅读电子券,幻剑神魔-30元游戏礼包
010219,熊猫儿科 - 价值199元宝宝关爱礼包,京东-105元减5元券,饿了么-随机外卖礼券最高15元,趣专享新人0元购,胭脂阅读价值10元阅读电子券,PP体育-15枚金币免费领
010220,京东-105元减5元券,饿了么-随机外卖礼券最高15元,胭脂阅读价值10元阅读电子券,PP体育-15枚金币免费领,西十区-电影演出礼券5元,幻剑神魔-30元游戏礼包
010221,京东-105元减5元券,饿了么-随机外卖礼券最高15元,胭脂阅读价值10元阅读电子券,PP体育-15枚金币免费领,西十区-电影演出礼券5元,幻剑神魔-30元游戏礼包
010222,饿了么-随机外卖礼券最高15元,京东-105元减5元券,胭脂阅读价值10元阅读电子券,PP体育-15枚金币免费领,西十区-电影演出礼券5元,幻剑神魔-30元游戏礼包
010223,京东-105元减5元券,饿了么-随机外卖礼券最高15元,胭脂阅读价值10元阅读电子券,PP体育-15枚金币免费领,西十区-电影演出礼券5元,幻剑神魔-30元游戏礼包
010224,京东-105元减5元券,饿了么-随机外卖礼券最高15元,幻剑神魔-30元游戏礼包,胭脂阅读价值10元阅读电子券,PP体育-15枚金币免费领,西十区-电影演出礼券5元
010225,联通流量卡 - 流量无限量1天体验卡免费领,二月看书价值10元小说阅读币,趣专享新人0元购,饿了么-随机外卖礼券最高15元,京东-105元减5元券,胭脂阅读价值10元阅读电子券
010226,京东-105元减5元券,饿了么-随机外卖礼券最高15元,胭脂阅读价值10元阅读电子券,PP体育-15枚金币免费领,西十区-电影演出礼券5元,幻剑神魔-30元游戏礼包
010227,饿了么-随机外卖礼券最高15元,京东-105元减5元券,PP体育-15枚金币免费领,趣专享新人0元购,3GBOOK价值50元阅礼读券,胭脂阅读价值10元阅读电子券
010228,京东-105元减5元券,PP体育-15枚金币免费领,趣专享下载领取最高20元,3GBOOK价值50元阅礼读券,趣专享新人0元购,二月看书价值10元小说阅读币
010229,京东-105元减5元券,胭脂阅读价值10元阅读电子券,饿了么-随机外卖礼券最高15元,PP体育-15枚金币免费领,西十区-电影演出礼券5元,幻剑神魔-30元游戏礼包
010230,京东-105元减5元券,饿了么-随机外卖礼券最高15元,小说大全新用户注册当日专享福利,PP体育-15枚金币免费领,幻剑神魔-30元游戏礼包,胭脂阅读-小说阅读电子券50元
010231,京东-105元减5元券,饿了么-随机外卖礼券最高15元,胭脂阅读价值10元阅读电子券,PP体育-15枚金币免费领,西十区-电影演出礼券5元,幻剑神魔-30元游戏礼包
010232,饿了么-随机外卖礼券最高15元,京东-105元减5元券,胭脂阅读价值10元阅读电子券,PP体育-15枚金币免费领,西十区-电影演出礼券5元,幻剑神魔-30元游戏礼包
010233,京东-105元减5元券,3GBOOK价值50元阅礼读券,PP体育-15枚金币免费领,小说大全新用户注册当日专享福利,天天爱彩票首充20得108元礼包,幻剑神魔-30元游戏礼包
020101,京东-105元减5元券,饿了么-随机外卖礼券最高15元,西十区-电影演出礼券5元,PP体育-15枚金币免费领,小说大全新用户注册当日专享福利,胭脂阅读价值10元阅读电子券
020102,京东-105元减5元券,饿了么-随机外卖礼券最高15元,西十区-电影演出礼券5元,PP体育-15枚金币免费领,小说大全新用户注册当日专享福利,胭脂阅读价值10元阅读电子券
020103,京东-105元减5元券,饿了么-随机外卖礼券最高15元,熊猫儿科 - 价值199元宝宝关爱礼包,西十区-电影演出礼券5元,PP体育-15枚金币免费领,小说大全新用户注册当日专享福利
020104,饿了么-随机外卖礼券最高15元,京东-105元减5元券,西十区-电影演出礼券5元,PP体育-15枚金币免费领,小说大全新用户注册当日专享福利,胭脂阅读价值10元阅读电子券
020105,饿了么-随机外卖礼券最高15元,京东-105元减5元券,西十区-电影演出礼券5元,PP体育-15枚金币免费领,小说大全新用户注册当日专享福利,胭脂阅读价值10元阅读电子券
020106,京东-105元减5元券,饿了么-随机外卖礼券最高15元,熊猫儿科 - 价值199元宝宝关爱礼包,西十区-电影演出礼券5元,PP体育-15枚金币免费领,小说大全新用户注册当日专享福利
020107,饿了么-随机外卖礼券最高15元,京东-105元减5元券,西十区-电影演出礼券5元,PP体育-15枚金币免费领,小说大全新用户注册当日专享福利,胭脂阅读价值10元阅读电子券
020108,京东-105元减5元券,饿了么-随机外卖礼券最高15元,西十区-电影演出礼券5元,PP体育-15枚金币免费领,小说大全新用户注册当日专享福利,胭脂阅读价值10元阅读电子券
020109,京东-105元减5元券,饿了么-随机外卖礼券最高15元,PP体育-15枚金币免费领,西十区-电影演出礼券5元,PP体育-15枚金币免费领,小说大全新用户注册当日专享福利
020110,饿了么-随机外卖礼券最高15元,京东-105元减5元券,PP体育-15枚金币免费领,胭脂阅读价值10元阅读电子券,西十区-电影演出礼券5元,PP体育-15枚金币免费领
020111,京东-105元减5元券,饿了么-随机外卖礼券最高15元,西十区-电影演出礼券5元,PP体育-15枚金币免费领,小说大全新用户注册当日专享福利,胭脂阅读价值10元阅读电子券
020112,京东-105元减5元券,饿了么-随机外卖礼券最高15元,胭脂阅读价值10元阅读电子券,3GBOOK价值50元阅礼读券,小说大全新用户注册当日专享福利,幻剑神魔-30元游戏礼包
020113,京东-105元减5元券,饿了么-随机外卖礼券最高15元,西十区-电影演出礼券5元,PP体育-15枚金币免费领,小说大全新用户注册当日专享福利,胭脂阅读价值10元阅读电子券
020114,京东-105元减5元券,饿了么-随机外卖礼券最高15元,西十区-电影演出礼券5元,PP体育-15枚金币免费领,小说大全新用户注册当日专享福利,胭脂阅读价值10元阅读电子券
020115,京东-105元减5元券,饿了么-随机外卖礼券最高15元,西十区-电影演出礼券5元,PP体育-15枚金币免费领,小说大全新用户注册当日专享福利,胭脂阅读价值10元阅读电子券
020116,京东-105元减5元券,熊猫儿科 - 价值199元宝宝关爱礼包,饿了么-随机外卖礼券最高15元,西十区-电影演出礼券5元,PP体育-15枚金币免费领,小说大全新用户注册当日专享福利
020117,饿了么-随机外卖礼券最高15元,京东-105元减5元券,西十区-电影演出礼券5元,PP体育-15枚金币免费领,小说大全新用户注册当日专享福利,胭脂阅读价值10元阅读电子券
020118,西十区-电影演出礼券5元,饿了么-随机外卖礼券最高15元,京东-105元减5元券,PP体育-15枚金币免费领,PP体育-15枚金币免费领,小说大全新用户注册当日专享福利
020119,熊猫儿科 - 价值199元宝宝关爱礼包,京东-105元减5元券,饿了么-随机外卖礼券最高15元,趣专享新人0元购,西十区-电影演出礼券5元,PP体育-15枚金币免费领
020120,京东-105元减5元券,饿了么-随机外卖礼券最高15元,西十区-电影演出礼券5元,PP体育-15枚金币免费领,小说大全新用户注册当日专享福利,胭脂阅读价值10元阅读电子券
020121,京东-105元减5元券,饿了么-随机外卖礼券最高15元,西十区-电影演出礼券5元,PP体育-15枚金币免费领,小说大全新用户注册当日专享福利,胭脂阅读价值10元阅读电子券
020122,京东-105元减5元券,饿了么-随机外卖礼券最高15元,西十区-电影演出礼券5元,PP体育-15枚金币免费领,小说大全新用户注册当日专享福利,胭脂阅读价值10元阅读电子券
020123,京东-105元减5元券,饿了么-随机外卖礼券最高15元,西十区-电影演出礼券5元,PP体育-15枚金币免费领,小说大全新用户注册当日专享福利,胭脂阅读价值10元阅读电子券
020124,京东-105元减5元券,饿了么-随机外卖礼券最高15元,幻剑神魔-30元游戏礼包,西十区-电影演出礼券5元,PP体育-15枚金币免费领,小说大全新用户注册当日专享福利
020125,联通流量卡 - 流量无限量1天体验卡免费领,二月看书价值10元小说阅读币,趣专享新人0元购,京东-105元减5元券,饿了么-随机外卖礼券最高15元,西十区-电影演出礼券5元
020126,京东-105元减5元券,饿了么-随机外卖礼券最高15元,西十区-电影演出礼券5元,PP体育-15枚金币免费领,小说大全新用户注册当日专享福利,胭脂阅读价值10元阅读电子券
020127,饿了么-随机外卖礼券最高15元,京东-105元减5元券,PP体育-15枚金币免费领,趣专享新人0元购,3GBOOK价值50元阅礼读券,胭脂阅读价值10元阅读电子券
020128,京东-105元减5元券,PP体育-15枚金币免费领,趣专享下载领取最高20元,3GBOOK价值50元阅礼读券,趣专享新人0元购,二月看书价值10元小说阅读币
020129,京东-105元减5元券,胭脂阅读价值10元阅读电子券,饿了么-随机外卖礼券最高15元,西十区-电影演出礼券5元,PP体育-15枚金币免费领,小说大全新用户注册当日专享福利
020130,京东-105元减5元券,饿了么-随机外卖礼券最高15元,小说大全新用户注册当日专享福利,PP体育-15枚金币免费领,幻剑神魔-30元游戏礼包,胭脂阅读-小说阅读电子券50元
020131,京东-105元减5元券,饿了么-随机外卖礼券最高15元,西十区-电影演出礼券5元,PP体育-15枚金币免费领,小说大全新用户注册当日专享福利,胭脂阅读价值10元阅读电子券
020132,饿了么-随机外卖礼券最高15元,京东-105元减5元券,西十区-电影演出礼券5元,PP体育-15枚金币免费领,小说大全新用户注册当日专享福利,胭脂阅读价值10元阅读电子券
020133,京东-105元减5元券,3GBOOK价值50元阅礼读券,PP体育-15枚金币免费领,小说大全新用户注册当日专享福利,天天爱彩票首充20得108元礼包,幻剑神魔-30元游戏礼包
020201,饿了么-随机外卖礼券最高15元,京东-105元减5元券,胭脂阅读价值10元阅读电子券,PP体育-15枚金币免费领,西十区-电影演出礼券5元,PP体育-15枚金币免费领
020202,饿了么-随机外卖礼券最高15元,京东-105元减5元券,胭脂阅读价值10元阅读电子券,PP体育-15枚金币免费领,西十区-电影演出礼券5元,PP体育-15枚金币免费领
020203,京东-105元减5元券,饿了么-随机外卖礼券最高15元,熊猫儿科 - 价值199元宝宝关爱礼包,胭脂阅读价值10元阅读电子券,PP体育-15枚金币免费领,西十区-电影演出礼券5元
020204,饿了么-随机外卖礼券最高15元,京东-105元减5元券,西十区-电影演出礼券5元,胭脂阅读价值10元阅读电子券,PP体育-15枚金币免费领,PP体育-15枚金币免费领
020205,饿了么-随机外卖礼券最高15元,京东-105元减5元券,胭脂阅读价值10元阅读电子券,PP体育-15枚金币免费领,西十区-电影演出礼券5元,PP体育-15枚金币免费领
020206,京东-105元减5元券,饿了么-随机外卖礼券最高15元,熊猫儿科 - 价值199元宝宝关爱礼包,胭脂阅读价值10元阅读电子券,PP体育-15枚金币免费领,西十区-电影演出礼券5元
020207,饿了么-随机外卖礼券最高15元,京东-105元减5元券,胭脂阅读价值10元阅读电子券,PP体育-15枚金币免费领,西十区-电影演出礼券5元,PP体育-15枚金币免费领
020208,京东-105元减5元券,饿了么-随机外卖礼券最高15元,胭脂阅读价值10元阅读电子券,PP体育-15枚金币免费领,西十区-电影演出礼券5元,PP体育-15枚金币免费领
020209,京东-105元减5元券,饿了么-随机外卖礼券最高15元,PP体育-15枚金币免费领,胭脂阅读价值10元阅读电子券,西十区-电影演出礼券5元,PP体育-15枚金币免费领
020210,饿了么-随机外卖礼券最高15元,京东-105元减5元券,PP体育-15枚金币免费领,胭脂阅读价值10元阅读电子券,西十区-电影演出礼券5元,PP体育-15枚金币免费领
020211,京东-105元减5元券,饿了么-随机外卖礼券最高15元,胭脂阅读价值10元阅读电子券,PP体育-15枚金币免费领,西十区-电影演出礼券5元,PP体育-15枚金币免费领
020212,京东-105元减5元券,饿了么-随机外卖礼券最高15元,胭脂阅读价值10元阅读电子券,3GBOOK价值50元阅礼读券,小说大全新用户注册当日专享福利,幻剑神魔-30元游戏礼包
020213,京东-105元减5元券,饿了么-随机外卖礼券最高15元,胭脂阅读价值10元阅读电子券,PP体育-15枚金币免费领,西十区-电影演出礼券5元,PP体育-15枚金币免费领
020214,京东-105元减5元券,饿了么-随机外卖礼券最高15元,胭脂阅读价值10元阅读电子券,PP体育-15枚金币免费领,西十区-电影演出礼券5元,PP体育-15枚金币免费领
020215,京东-105元减5元券,饿了么-随机外卖礼券最高15元,胭脂阅读价值10元阅读电子券,PP体育-15枚金币免费领,西十区-电影演出礼券5元,PP体育-15枚金币免费领
020216,京东-105元减5元券,熊猫儿科 - 价值199元宝宝关爱礼包,饿了么-随机外卖礼券最高15元,胭脂阅读价值10元阅读电子券,PP体育-15枚金币免费领,西十区-电影演出礼券5元
020217,饿了么-随机外卖礼券最高15元,京东-105元减5元券,胭脂阅读价值10元阅读电子券,PP体育-15枚金币免费领,西十区-电影演出礼券5元,PP体育-15枚金币免费领
020218,西十区-电影演出礼券5元,饿了么-随机外卖礼券最高15元,京东-105元减5元券,PP体育-15枚金币免费领,胭脂阅读价值10元阅读电子券,PP体育-15枚金币免费领
020219,熊猫儿科 - 价值199元宝宝关爱礼包,京东-105元减5元券,饿了么-随机外卖礼券最高15元,趣专享新人0元购,胭脂阅读价值10元阅读电子券,PP体育-15枚金币免费领
020220,京东-105元减5元券,饿了么-随机外卖礼券最高15元,胭脂阅读价值10元阅读电子券,PP体育-15枚金币免费领,西十区-电影演出礼券5元,PP体育-15枚金币免费领
020221,京东-105元减5元券,饿了么-随机外卖礼券最高15元,胭脂阅读价值10元阅读电子券,PP体育-15枚金币免费领,西十区-电影演出礼券5元,PP体育-15枚金币免费领
020222,饿了么-随机外卖礼券最高15元,京东-105元减5元券,胭脂阅读价值10元阅读电子券,PP体育-15枚金币免费领,西十区-电影演出礼券5元,PP体育-15枚金币免费领
020223,京东-105元减5元券,饿了么-随机外卖礼券最高15元,胭脂阅读价值10元阅读电子券,PP体育-15枚金币免费领,西十区-电影演出礼券5元,PP体育-15枚金币免费领
020224,京东-105元减5元券,饿了么-随机外卖礼券最高15元,幻剑神魔-30元游戏礼包,胭脂阅读价值10元阅读电子券,PP体育-15枚金币免费领,西十区-电影演出礼券5元
020225,联通流量卡 - 流量无限量1天体验卡免费领,二月看书价值10元小说阅读币,趣专享新人0元购,饿了么-随机外卖礼券最高15元,京东-105元减5元券,胭脂阅读价值10元阅读电子券
020226,京东-105元减5元券,饿了么-随机外卖礼券最高15元,胭脂阅读价值10元阅读电子券,PP体育-15枚金币免费领,西十区-电影演出礼券5元,PP体育-15枚金币免费领
020227,饿了么-随机外卖礼券最高15元,京东-105元减5元券,PP体育-15枚金币免费领,趣专享新人0元购,3GBOOK价值50元阅礼读券,胭脂阅读价值10元阅读电子券
020228,京东-105元减5元券,PP体育-15枚金币免费领,趣专享下载领取最高20元,3GBOOK价值50元阅礼读券,趣专享新人0元购,二月看书价值10元小说阅读币
020229,京东-105元减5元券,胭脂阅读价值10元阅读电子券,饿了么-随机外卖礼券最高15元,PP体育-15枚金币免费领,西十区-电影演出礼券5元,PP体育-15枚金币免费领
020230,京东-105元减5元券,饿了么-随机外卖礼券最高15元,小说大全新用户注册当日专享福利,PP体育-15枚金币免费领,幻剑神魔-30元游戏礼包,胭脂阅读-小说阅读电子券50元
020231,京东-105元减5元券,饿了么-随机外卖礼券最高15元,胭脂阅读价值10元阅读电子券,PP体育-15枚金币免费领,西十区-电影演出礼券5元,PP体育-15枚金币免费领
020232,饿了么-随机外卖礼券最高15元,京东-105元减5元券,胭脂阅读价值10元阅读电子券,PP体育-15枚金币免费领,西十区-电影演出礼券5元,PP体育-15枚金币免费领
020233,京东-105元减5元券,3GBOOK价值50元阅礼读券,PP体育-15枚金币免费领,小说大全新用户注册当日专享福利,天天爱彩票首充20得108元礼包,幻剑神魔-30元游戏礼包
030101,京东-105元减5元券,饿了么-随机外卖礼券最高15元,西十区-电影演出礼券5元,PP体育-15枚金币免费领,小说大全新用户注册当日专享福利,胭脂阅读价值10元阅读电子券
030102,京东-105元减5元券,饿了么-随机外卖礼券最高15元,西十区-电影演出礼券5元,PP体育-15枚金币免费领,小说大全新用户注册当日专享福利,胭脂阅读价值10元阅读电子券
030103,京东-105元减5元券,饿了么-随机外卖礼券最高15元,熊猫儿科 - 价值199元宝宝关爱礼包,西十区-电影演出礼券5元,PP体育-15枚金币免费领,小说大全新用户注册当日专享福利
030104,饿了么-随机外卖礼券最高15元,京东-105元减5元券,西十区-电影演出礼券5元,PP体育-15枚金币免费领,小说大全新用户注册当日专享福利,胭脂阅读价值10元阅读电子券
030105,饿了么-随机外卖礼券最高15元,京东-105元减5元券,西十区-电影演出礼券5元,PP体育-15枚金币免费领,小说大全新用户注册当日专享福利,胭脂阅读价值10元阅读电子券
030106,京东-105元减5元券,饿了么-随机外卖礼券最高15元,熊猫儿科 - 价值199元宝宝关爱礼包,西十区-电影演出礼券5元,PP体育-15枚金币免费领,小说大全新用户注册当日专享福利
030107,饿了么-随机外卖礼券最高15元,京东-105元减5元券,西十区-电影演出礼券5元,PP体育-15枚金币免费领,小说大全新用户注册当日专享福利,胭脂阅读价值10元阅读电子券
030108,京东-105元减5元券,饿了么-随机外卖礼券最高15元,西十区-电影演出礼券5元,PP体育-15枚金币免费领,小说大全新用户注册当日专享福利,胭脂阅读价值10元阅读电子券
030109,京东-105元减5元券,饿了么-随机外卖礼券最高15元,PP体育-15枚金币免费领,西十区-电影演出礼券5元,PP体育-15枚金币免费领,小说大全新用户注册当日专享福利
030110,饿了么-随机外卖礼券最高15元,京东-105元减5元券,PP体育-15枚金币免费领,胭脂阅读价值10元阅读电子券,西十区-电影演出礼券5元,PP体育-15枚金币免费领
030111,京东-105元减5元券,饿了么-随机外卖礼券最高15元,西十区-电影演出礼券5元,PP体育-15枚金币免费领,小说大全新用户注册当日专享福利,胭脂阅读价值10元阅读电子券
030112,京东-105元减5元券,饿了么-随机外卖礼券最高15元,胭脂阅读价值10元阅读电子券,3GBOOK价值50元阅礼读券,小说大全新用户注册当日专享福利,幻剑神魔-30元游戏礼包
030113,京东-105元减5元券,饿了么-随机外卖礼券最高15元,西十区-电影演出礼券5元,PP体育-15枚金币免费领,小说大全新用户注册当日专享福利,胭脂阅读价值10元阅读电子券
030114,京东-105元减5元券,饿了么-随机外卖礼券最高15元,西十区-电影演出礼券5元,PP体育-15枚金币免费领,小说大全新用户注册当日专享福利,胭脂阅读价值10元阅读电子券
030115,京东-105元减5元券,饿了么-随机外卖礼券最高15元,西十区-电影演出礼券5元,PP体育-15枚金币免费领,小说大全新用户注册当日专享福利,胭脂阅读价值10元阅读电子券
030116,京东-105元减5元券,熊猫儿科 - 价值199元宝宝关爱礼包,饿了么-随机外卖礼券最高15元,西十区-电影演出礼券5元,PP体育-15枚金币免费领,小说大全新用户注册当日专享福利
030117,饿了么-随机外卖礼券最高15元,京东-105元减5元券,西十区-电影演出礼券5元,PP体育-15枚金币免费领,小说大全新用户注册当日专享福利,胭脂阅读价值10元阅读电子券
030118,西十区-电影演出礼券5元,饿了么-随机外卖礼券最高15元,京东-105元减5元券,PP体育-15枚金币免费领,PP体育-15枚金币免费领,小说大全新用户注册当日专享福利
030119,熊猫儿科 - 价值199元宝宝关爱礼包,京东-105元减5元券,饿了么-随机外卖礼券最高15元,趣专享新人0元购,西十区-电影演出礼券5元,PP体育-15枚金币免费领
030120,京东-105元减5元券,饿了么-随机外卖礼券最高15元,西十区-电影演出礼券5元,PP体育-15枚金币免费领,小说大全新用户注册当日专享福利,胭脂阅读价值10元阅读电子券
030121,京东-105元减5元券,饿了么-随机外卖礼券最高15元,西十区-电影演出礼券5元,PP体育-15枚金币免费领,小说大全新用户注册当日专享福利,胭脂阅读价值10元阅读电子券
030122,京东-105元减5元券,饿了么-随机外卖礼券最高15元,西十区-电影演出礼券5元,PP体育-15枚金币免费领,小说大全新用户注册当日专享福利,胭脂阅读价值10元阅读电子券
030123,京东-105元减5元券,饿了么-随机外卖礼券最高15元,西十区-电影演出礼券5元,PP体育-15枚金币免费领,小说大全新用户注册当日专享福利,胭脂阅读价值10元阅读电子券
030124,京东-105元减5元券,饿了么-随机外卖礼券最高15元,幻剑神魔-30元游戏礼包,西十区-电影演出礼券5元,PP体育-15枚金币免费领,小说大全新用户注册当日专享福利
030125,联通流量卡 - 流量无限量1天体验卡免费领,二月看书价值10元小说阅读币,趣专享新人0元购,京东-105元减5元券,饿了么-随机外卖礼券最高15元,西十区-电影演出礼券5元
030126,京东-105元减5元券,饿了么-随机外卖礼券最高15元,西十区-电影演出礼券5元,PP体育-15枚金币免费领,小说大全新用户注册当日专享福利,胭脂阅读价值10元阅读电子券
030127,饿了么-随机外卖礼券最高15元,京东-105元减5元券,PP体育-15枚金币免费领,趣专享新人0元购,3GBOOK价值50元阅礼读券,胭脂阅读价值10元阅读电子券
030128,京东-105元减5元券,PP体育-15枚金币免费领,趣专享下载领取最高20元,3GBOOK价值50元阅礼读券,趣专享新人0元购,二月看书价值10元小说阅读币
030129,京东-105元减5元券,胭脂阅读价值10元阅读电子券,饿了么-随机外卖礼券最高15元,西十区-电影演出礼券5元,PP体育-15枚金币免费领,小说大全新用户注册当日专享福利
030130,京东-105元减5元券,饿了么-随机外卖礼券最高15元,小说大全新用户注册当日专享福利,PP体育-15枚金币免费领,幻剑神魔-30元游戏礼包,胭脂阅读-小说阅读电子券50元
030131,京东-105元减5元券,饿了么-随机外卖礼券最高15元,西十区-电影演出礼券5元,PP体育-15枚金币免费领,小说大全新用户注册当日专享福利,胭脂阅读价值10元阅读电子券
030132,饿了么-随机外卖礼券最高15元,京东-105元减5元券,西十区-电影演出礼券5元,PP体育-15枚金币免费领,小说大全新用户注册当日专享福利,胭脂阅读价值10元阅读电子券
030133,京东-105元减5元券,3GBOOK价值50元阅礼读券,PP体育-15枚金币免费领,小说大全新用户注册当日专享福利,天天爱彩票首充20得108元礼包,幻剑神魔-30元游戏礼包
030201,饿了么-随机外卖礼券最高15元,京东-105元减5元券,胭脂阅读价值10元阅读电子券,PP体育-15枚金币免费领,西十区-电影演出礼券5元,PP体育-15枚金币免费领
030202,饿了么-随机外卖礼券最高15元,京东-105元减5元券,胭脂阅读价值10元阅读电子券,PP体育-15枚金币免费领,西十区-电影演出礼券5元,PP体育-15枚金币免费领
030203,京东-105元减5元券,饿了么-随机外卖礼券最高15元,熊猫儿科 - 价值199元宝宝关爱礼包,胭脂阅读价值10元阅读电子券,PP体育-15枚金币免费领,西十区-电影演出礼券5元
030204,饿了么-随机外卖礼券最高15元,京东-105元减5元券,西十区-电影演出礼券5元,胭脂阅读价值10元阅读电子券,PP体育-15枚金币免费领,PP体育-15枚金币免费领
030205,饿了么-随机外卖礼券最高15元,京东-105元减5元券,胭脂阅读价值10元阅读电子券,PP体育-15枚金币免费领,西十区-电影演出礼券5元,PP体育-15枚金币免费领
030206,京东-105元减5元券,饿了么-随机外卖礼券最高15元,熊猫儿科 - 价值199元宝宝关爱礼包,胭脂阅读价值10元阅读电子券,PP体育-15枚金币免费领,西十区-电影演出礼券5元
030207,饿了么-随机外卖礼券最高15元,京东-105元减5元券,胭脂阅读价值10元阅读电子券,PP体育-15枚金币免费领,西十区-电影演出礼券5元,PP体育-15枚金币免费领
030208,京东-105元减5元券,饿了么-随机外卖礼券最高15元,胭脂阅读价值10元阅读电子券,PP体育-15枚金币免费领,西十区-电影演出礼券5元,PP体育-15枚金币免费领
030209,京东-105元减5元券,饿了么-随机外卖礼券最高15元,PP体育-15枚金币免费领,胭脂阅读价值10元阅读电子券,西十区-电影演出礼券5元,PP体育-15枚金币免费领
030210,饿了么-随机外卖礼券最高15元,京东-105元减5元券,PP体育-15枚金币免费领,胭脂阅读价值10元阅读电子券,西十区-电影演出礼券5元,PP体育-15枚金币免费领
030211,京东-105元减5元券,饿了么-随机外卖礼券最高15元,胭脂阅读价值10元阅读电子券,PP体育-15枚金币免费领,西十区-电影演出礼券5元,PP体育-15枚金币免费领
030212,京东-105元减5元券,饿了么-随机外卖礼券最高15元,胭脂阅读价值10元阅读电子券,3GBOOK价值50元阅礼读券,小说大全新用户注册当日专享福利,幻剑神魔-30元游戏礼包
030213,京东-105元减5元券,饿了么-随机外卖礼券最高15元,胭脂阅读价值10元阅读电子券,PP体育-15枚金币免费领,西十区-电影演出礼券5元,PP体育-15枚金币免费领
030214,京东-105元减5元券,饿了么-随机外卖礼券最高15元,胭脂阅读价值10元阅读电子券,PP体育-15枚金币免费领,西十区-电影演出礼券5元,PP体育-15枚金币免费领
030215,京东-105元减5元券,饿了么-随机外卖礼券最高15元,胭脂阅读价值10元阅读电子券,PP体育-15枚金币免费领,西十区-电影演出礼券5元,PP体育-15枚金币免费领
030216,京东-105元减5元券,熊猫儿科 - 价值199元宝宝关爱礼包,饿了么-随机外卖礼券最高15元,胭脂阅读价值10元阅读电子券,PP体育-15枚金币免费领,西十区-电影演出礼券5元
030217,饿了么-随机外卖礼券最高15元,京东-105元减5元券,胭脂阅读价值10元阅读电子券,PP体育-15枚金币免费领,西十区-电影演出礼券5元,PP体育-15枚金币免费领
030218,西十区-电影演出礼券5元,饿了么-随机外卖礼券最高15元,京东-105元减5元券,PP体育-15枚金币免费领,胭脂阅读价值10元阅读电子券,PP体育-15枚金币免费领
030219,熊猫儿科 - 价值199元宝宝关爱礼包,京东-105元减5元券,饿了么-随机外卖礼券最高15元,趣专享新人0元购,胭脂阅读价值10元阅读电子券,PP体育-15枚金币免费领
030220,京东-105元减5元券,饿了么-随机外卖礼券最高15元,胭脂阅读价值10元阅读电子券,PP体育-15枚金币免费领,西十区-电影演出礼券5元,PP体育-15枚金币免费领
030221,京东-105元减5元券,饿了么-随机外卖礼券最高15元,胭脂阅读价值10元阅读电子券,PP体育-15枚金币免费领,西十区-电影演出礼券5元,PP体育-15枚金币免费领
030222,饿了么-随机外卖礼券最高15元,京东-105元减5元券,胭脂阅读价值10元阅读电子券,PP体育-15枚金币免费领,西十区-电影演出礼券5元,PP体育-15枚金币免费领
030223,京东-105元减5元券,饿了么-随机外卖礼券最高15元,胭脂阅读价值10元阅读电子券,PP体育-15枚金币免费领,西十区-电影演出礼券5元,PP体育-15枚金币免费领
030224,京东-105元减5元券,饿了么-随机外卖礼券最高15元,幻剑神魔-30元游戏礼包,胭脂阅读价值10元阅读电子券,PP体育-15枚金币免费领,西十区-电影演出礼券5元
030225,联通流量卡 - 流量无限量1天体验卡免费领,二月看书价值10元小说阅读币,趣专享新人0元购,饿了么-随机外卖礼券最高15元,京东-105元减5元券,胭脂阅读价值10元阅读电子券
030226,京东-105元减5元券,饿了么-随机外卖礼券最高15元,胭脂阅读价值10元阅读电子券,PP体育-15枚金币免费领,西十区-电影演出礼券5元,PP体育-15枚金币免费领
030227,饿了么-随机外卖礼券最高15元,京东-105元减5元券,PP体育-15枚金币免费领,趣专享新人0元购,3GBOOK价值50元阅礼读券,胭脂阅读价值10元阅读电子券
030228,京东-105元减5元券,PP体育-15枚金币免费领,趣专享下载领取最高20元,3GBOOK价值50元阅礼读券,趣专享新人0元购,二月看书价值10元小说阅读币
030229,京东-105元减5元券,胭脂阅读价值10元阅读电子券,饿了么-随机外卖礼券最高15元,PP体育-15枚金币免费领,西十区-电影演出礼券5元,PP体育-15枚金币免费领
030230,京东-105元减5元券,饿了么-随机外卖礼券最高15元,小说大全新用户注册当日专享福利,PP体育-15枚金币免费领,幻剑神魔-30元游戏礼包,胭脂阅读-小说阅读电子券50元
030231,京东-105元减5元券,饿了么-随机外卖礼券最高15元,胭脂阅读价值10元阅读电子券,PP体育-15枚金币免费领,西十区-电影演出礼券5元,PP体育-15枚金币免费领
030232,饿了么-随机外卖礼券最高15元,京东-105元减5元券,胭脂阅读价值10元阅读电子券,PP体育-15枚金币免费领,西十区-电影演出礼券5元,PP体育-15枚金币免费领
030233,京东-105元减5元券,3GBOOK价值50元阅礼读券,PP体育-15枚金币免费领,小说大全新用户注册当日专享福利,天天爱彩票首充20得108元礼包,幻剑神魔-30元游戏礼包
040101,京东-105元减5元券,饿了么-随机外卖礼券最高15元,西十区-电影演出礼券5元,PP体育-15枚金币免费领,PP体育-15枚金币免费领,小说大全新用户注册当日专享福利
040102,京东-105元减5元券,饿了么-随机外卖礼券最高15元,西十区-电影演出礼券5元,PP体育-15枚金币免费领,PP体育-15枚金币免费领,小说大全新用户注册当日专享福利
040103,京东-105元减5元券,饿了么-随机外卖礼券最高15元,熊猫儿科 - 价值199元宝宝关爱礼包,西十区-电影演出礼券5元,PP体育-15枚金币免费领,PP体育-15枚金币免费领
040104,饿了么-随机外卖礼券最高15元,京东-105元减5元券,西十区-电影演出礼券5元,PP体育-15枚金币免费领,PP体育-15枚金币免费领,小说大全新用户注册当日专享福利
040105,饿了么-随机外卖礼券最高15元,京东-105元减5元券,西十区-电影演出礼券5元,PP体育-15枚金币免费领,PP体育-15枚金币免费领,小说大全新用户注册当日专享福利
040106,京东-105元减5元券,饿了么-随机外卖礼券最高15元,熊猫儿科 - 价值199元宝宝关爱礼包,西十区-电影演出礼券5元,PP体育-15枚金币免费领,PP体育-15枚金币免费领
040107,饿了么-随机外卖礼券最高15元,京东-105元减5元券,西十区-电影演出礼券5元,PP体育-15枚金币免费领,PP体育-15枚金币免费领,小说大全新用户注册当日专享福利
040108,京东-105元减5元券,饿了么-随机外卖礼券最高15元,西十区-电影演出礼券5元,PP体育-15枚金币免费领,PP体育-15枚金币免费领,小说大全新用户注册当日专享福利
040109,京东-105元减5元券,饿了么-随机外卖礼券最高15元,PP体育-15枚金币免费领,西十区-电影演出礼券5元,PP体育-15枚金币免费领,小说大全新用户注册当日专享福利
040110,饿了么-随机外卖礼券最高15元,京东-105元减5元券,PP体育-15枚金币免费领,胭脂阅读价值10元阅读电子券,西十区-电影演出礼券5元,PP体育-15枚金币免费领
040111,京东-105元减5元券,饿了么-随机外卖礼券最高15元,西十区-电影演出礼券5元,PP体育-15枚金币免费领,PP体育-15枚金币免费领,小说大全新用户注册当日专享福利
040112,京东-105元减5元券,饿了么-随机外卖礼券最高15元,胭脂阅读价值10元阅读电子券,3GBOOK价值50元阅礼读券,小说大全新用户注册当日专享福利,幻剑神魔-30元游戏礼包
040113,京东-105元减5元券,饿了么-随机外卖礼券最高15元,西十区-电影演出礼券5元,PP体育-15枚金币免费领,PP体育-15枚金币免费领,小说大全新用户注册当日专享福利
040114,京东-105元减5元券,饿了么-随机外卖礼券最高15元,西十区-电影演出礼券5元,PP体育-15枚金币免费领,PP体育-15枚金币免费领,小说大全新用户注册当日专享福利
040115,京东-105元减5元券,饿了么-随机外卖礼券最高15元,西十区-电影演出礼券5元,PP体育-15枚金币免费领,PP体育-15枚金币免费领,小说大全新用户注册当日专享福利
040116,京东-105元减5元券,熊猫儿科 - 价值199元宝宝关爱礼包,饿了么-随机外卖礼券最高15元,西十区-电影演出礼券5元,PP体育-15枚金币免费领,PP体育-15枚金币免费领
040117,饿了么-随机外卖礼券最高15元,京东-105元减5元券,西十区-电影演出礼券5元,PP体育-15枚金币免费领,PP体育-15枚金币免费领,小说大全新用户注册当日专享福利
040118,西十区-电影演出礼券5元,饿了么-随机外卖礼券最高15元,京东-105元减5元券,PP体育-15枚金币免费领,PP体育-15枚金币免费领,小说大全新用户注册当日专享福利
040119,熊猫儿科 - 价值199元宝宝关爱礼包,京东-105元减5元券,饿了么-随机外卖礼券最高15元,趣专享新人0元购,西十区-电影演出礼券5元,PP体育-15枚金币免费领
040120,京东-105元减5元券,饿了么-随机外卖礼券最高15元,西十区-电影演出礼券5元,PP体育-15枚金币免费领,PP体育-15枚金币免费领,小说大全新用户注册当日专享福利
040121,京东-105元减5元券,饿了么-随机外卖礼券最高15元,西十区-电影演出礼券5元,PP体育-15枚金币免费领,PP体育-15枚金币免费领,小说大全新用户注册当日专享福利
040122,京东-105元减5元券,饿了么-随机外卖礼券最高15元,西十区-电影演出礼券5元,PP体育-15枚金币免费领,PP体育-15枚金币免费领,小说大全新用户注册当日专享福利
040123,京东-105元减5元券,饿了么-随机外卖礼券最高15元,西十区-电影演出礼券5元,PP体育-15枚金币免费领,PP体育-15枚金币免费领,小说大全新用户注册当日专享福利
040124,京东-105元减5元券,饿了么-随机外卖礼券最高15元,幻剑神魔-30元游戏礼包,西十区-电影演出礼券5元,PP体育-15枚金币免费领,PP体育-15枚金币免费领
040125,联通流量卡 - 流量无限量1天体验卡免费领,二月看书价值10元小说阅读币,趣专享新人0元购,京东-105元减5元券,饿了么-随机外卖礼券最高15元,西十区-电影演出礼券5元
040126,京东-105元减5元券,饿了么-随机外卖礼券最高15元,西十区-电影演出礼券5元,PP体育-15枚金币免费领,PP体育-15枚金币免费领,小说大全新用户注册当日专享福利
040127,饿了么-随机外卖礼券最高15元,京东-105元减5元券,PP体育-15枚金币免费领,趣专享新人0元购,3GBOOK价值50元阅礼读券,胭脂阅读价值10元阅读电子券
040128,京东-105元减5元券,PP体育-15枚金币免费领,趣专享下载领取最高20元,3GBOOK价值50元阅礼读券,趣专享新人0元购,二月看书价值10元小说阅读币
040129,京东-105元减5元券,胭脂阅读价值10元阅读电子券,饿了么-随机外卖礼券最高15元,西十区-电影演出礼券5元,PP体育-15枚金币免费领,PP体育-15枚金币免费领
040130,京东-105元减5元券,饿了么-随机外卖礼券最高15元,小说大全新用户注册当日专享福利,PP体育-15枚金币免费领,幻剑神魔-30元游戏礼包,胭脂阅读-小说阅读电子券50元
040131,京东-105元减5元券,饿了么-随机外卖礼券最高15元,西十区-电影演出礼券5元,PP体育-15枚金币免费领,PP体育-15枚金币免费领,小说大全新用户注册当日专享福利
040132,饿了么-随机外卖礼券最高15元,京东-105元减5元券,西十区-电影演出礼券5元,PP体育-15枚金币免费领,PP体育-15枚金币免费领,小说大全新用户注册当日专享福利
040133,京东-105元减5元券,3GBOOK价值50元阅礼读券,PP体育-15枚金币免费领,小说大全新用户注册当日专享福利,天天爱彩票首充20得108元礼包,幻剑神魔-30元游戏礼包
040201,饿了么-随机外卖礼券最高15元,京东-105元减5元券,胭脂阅读价值10元阅读电子券,PP体育-15枚金币免费领,西十区-电影演出礼券5元,PP体育-15枚金币免费领
040202,饿了么-随机外卖礼券最高15元,京东-105元减5元券,胭脂阅读价值10元阅读电子券,PP体育-15枚金币免费领,西十区-电影演出礼券5元,PP体育-15枚金币免费领
040203,京东-105元减5元券,饿了么-随机外卖礼券最高15元,熊猫儿科 - 价值199元宝宝关爱礼包,胭脂阅读价值10元阅读电子券,PP体育-15枚金币免费领,西十区-电影演出礼券5元
040204,饿了么-随机外卖礼券最高15元,京东-105元减5元券,西十区-电影演出礼券5元,胭脂阅读价值10元阅读电子券,PP体育-15枚金币免费领,PP体育-15枚金币免费领
040205,饿了么-随机外卖礼券最高15元,京东-105元减5元券,胭脂阅读价值10元阅读电子券,PP体育-15枚金币免费领,西十区-电影演出礼券5元,PP体育-15枚金币免费领
040206,京东-105元减5元券,饿了么-随机外卖礼券最高15元,熊猫儿科 - 价值199元宝宝关爱礼包,胭脂阅读价值10元阅读电子券,PP体育-15枚金币免费领,西十区-电影演出礼券5元
040207,饿了么-随机外卖礼券最高15元,京东-105元减5元券,胭脂阅读价值10元阅读电子券,PP体育-15枚金币免费领,西十区-电影演出礼券5元,PP体育-15枚金币免费领
040208,京东-105元减5元券,饿了么-随机外卖礼券最高15元,胭脂阅读价值10元阅读电子券,PP体育-15枚金币免费领,西十区-电影演出礼券5元,PP体育-15枚金币免费领
040209,京东-105元减5元券,饿了么-随机外卖礼券最高15元,PP体育-15枚金币免费领,胭脂阅读价值10元阅读电子券,西十区-电影演出礼券5元,PP体育-15枚金币免费领
040210,饿了么-随机外卖礼券最高15元,京东-105元减5元券,PP体育-15枚金币免费领,胭脂阅读价值10元阅读电子券,西十区-电影演出礼券5元,PP体育-15枚金币免费领
040211,京东-105元减5元券,饿了么-随机外卖礼券最高15元,胭脂阅读价值10元阅读电子券,PP体育-15枚金币免费领,西十区-电影演出礼券5元,PP体育-15枚金币免费领
040212,京东-105元减5元券,饿了么-随机外卖礼券最高15元,胭脂阅读价值10元阅读电子券,3GBOOK价值50元阅礼读券,小说大全新用户注册当日专享福利,幻剑神魔-30元游戏礼包
040213,京东-105元减5元券,饿了么-随机外卖礼券最高15元,胭脂阅读价值10元阅读电子券,PP体育-15枚金币免费领,西十区-电影演出礼券5元,PP体育-15枚金币免费领
040214,京东-105元减5元券,饿了么-随机外卖礼券最高15元,胭脂阅读价值10元阅读电子券,PP体育-15枚金币免费领,西十区-电影演出礼券5元,PP体育-15枚金币免费领
040215,京东-105元减5元券,饿了么-随机外卖礼券最高15元,胭脂阅读价值10元阅读电子券,PP体育-15枚金币免费领,西十区-电影演出礼券5元,PP体育-15枚金币免费领
040216,京东-105元减5元券,熊猫儿科 - 价值199元宝宝关爱礼包,饿了么-随机外卖礼券最高15元,胭脂阅读价值10元阅读电子券,PP体育-15枚金币免费领,西十区-电影演出礼券5元
040217,饿了么-随机外卖礼券最高15元,京东-105元减5元券,胭脂阅读价值10元阅读电子券,PP体育-15枚金币免费领,西十区-电影演出礼券5元,PP体育-15枚金币免费领
040218,西十区-电影演出礼券5元,饿了么-随机外卖礼券最高15元,京东-105元减5元券,PP体育-15枚金币免费领,胭脂阅读价值10元阅读电子券,PP体育-15枚金币免费领
040219,熊猫儿科 - 价值199元宝宝关爱礼包,京东-105元减5元券,饿了么-随机外卖礼券最高15元,趣专享新人0元购,胭脂阅读价值10元阅读电子券,PP体育-15枚金币免费领
040220,京东-105元减5元券,饿了么-随机外卖礼券最高15元,胭脂阅读价值10元阅读电子券,PP体育-15枚金币免费领,西十区-电影演出礼券5元,PP体育-15枚金币免费领
040221,京东-105元减5元券,饿了么-随机外卖礼券最高15元,胭脂阅读价值10元阅读电子券,PP体育-15枚金币免费领,西十区-电影演出礼券5元,PP体育-15枚金币免费领
040222,饿了么-随机外卖礼券最高15元,京东-105元减5元券,胭脂阅读价值10元阅读电子券,PP体育-15枚金币免费领,西十区-电影演出礼券5元,PP体育-15枚金币免费领
040223,京东-105元减5元券,饿了么-随机外卖礼券最高15元,胭脂阅读价值10元阅读电子券,PP体育-15枚金币免费领,西十区-电影演出礼券5元,PP体育-15枚金币免费领
040224,京东-105元减5元券,饿了么-随机外卖礼券最高15元,幻剑神魔-30元游戏礼包,胭脂阅读价值10元阅读电子券,PP体育-15枚金币免费领,西十区-电影演出礼券5元
040225,联通流量卡 - 流量无限量1天体验卡免费领,二月看书价值10元小说阅读币,趣专享新人0元购,饿了么-随机外卖礼券最高15元,京东-105元减5元券,胭脂阅读价值10元阅读电子券
040226,京东-105元减5元券,饿了么-随机外卖礼券最高15元,胭脂阅读价值10元阅读电子券,PP体育-15枚金币免费领,西十区-电影演出礼券5元,PP体育-15枚金币免费领
040227,饿了么-随机外卖礼券最高15元,京东-105元减5元券,PP体育-15枚金币免费领,趣专享新人0元购,3GBOOK价值50元阅礼读券,胭脂阅读价值10元阅读电子券
040228,京东-105元减5元券,PP体育-15枚金币免费领,趣专享下载领取最高20元,3GBOOK价值50元阅礼读券,趣专享新人0元购,二月看书价值10元小说阅读币
040229,京东-105元减5元券,胭脂阅读价值10元阅读电子券,饿了么-随机外卖礼券最高15元,PP体育-15枚金币免费领,西十区-电影演出礼券5元,PP体育-15枚金币免费领
040230,京东-105元减5元券,饿了么-随机外卖礼券最高15元,小说大全新用户注册当日专享福利,PP体育-15枚金币免费领,幻剑神魔-30元游戏礼包,胭脂阅读-小说阅读电子券50元
040231,京东-105元减5元券,饿了么-随机外卖礼券最高15元,胭脂阅读价值10元阅读电子券,PP体育-15枚金币免费领,西十区-电影演出礼券5元,PP体育-15枚金币免费领
040232,饿了么-随机外卖礼券最高15元,京东-105元减5元券,胭脂阅读价值10元阅读电子券,PP体育-15枚金币免费领,西十区-电影演出礼券5元,PP体育-15枚金币免费领
040233,京东-105元减5元券,3GBOOK价值50元阅礼读券,PP体育-15枚金币免费领,小说大全新用户注册当日专享福利,天天爱彩票首充20得108元礼包,幻剑神魔-30元游戏礼包
